Marca;Model
CHEVROLET;A-CHEVROLET0
CHEVROLET;A-20
CHEVROLET;AGILE
CHEVROLET;ASTRA
CHEVROLET;BLAZER
CHEVROLET;BONANZA
CHEVROLET;C-CHEVROLET0
CHEVROLET;C-20
CHEVROLET;CALIBRA
CHEVROLET;CAMARO
CHEVROLET;CAPRICE
CHEVROLET;CAPTIVA
CHEVROLET;CARAVAN
CHEVROLET;CAVALIER
CHEVROLET;CELTA
CHEVROLET;CHEVY
CHEVROLET;CHEYNNE
CHEVROLET;COBALT
CHEVROLET;CORSA
CHEVROLET;CORVETTE
CHEVROLET;CRUZE
CHEVROLET;D-CHEVROLET0
CHEVROLET;D-20
CHEVROLET;IPANEMA
CHEVROLET;KADETT
CHEVROLET;LUMINA
CHEVROLET;MALIBU
CHEVROLET;MERIVA
CHEVROLET;MONTANA
CHEVROLET;OMEGA
CHEVROLET;OPALA
CHEVROLET;PRISMA
CHEVROLET;SCHEVROLET0
CHEVROLET;SILVERADO
CHEVROLET;SONIC
CHEVROLET;SONOMA
CHEVROLET;SPACEVAN
CHEVROLET;SSCHEVROLET0
CHEVROLET;SUBURBAN
CHEVROLET;SYCLONE
CHEVROLET;TIGRA
CHEVROLET;TRACKER
CHEVROLET;TRAFIC
CHEVROLET;VECTRA
CHEVROLET;VERANEIO
CHEVROLET;ZAFIRA
CHEVROLET;BEL AIR
CHEVROLET;C-CHEVROLET4
CHEVROLET;C-CHEVROLET5
CHEVROLET;BRASIL
CHEVROLET;ONIX
CHEVROLET;SPIN
CHEVROLET;TRAILBLAZER
CHEVROLET;CLUB COUPE
CHEVROLET;GMC CHEVROLET00
CHEVROLET;STYLELINE
CHEVROLET;YUKON
CHEVROLET;SSR
CHEVROLET;IMPALA
CHEVROLET;GRAND BLAZER
